{
    "D1": {
        "s": 99480.72763690897,
        "r": 236217.09834375748
    },
    "D1_idcache_mpu_ncacheable": {
        "s": 1509.5783901489401,
        "r": 27966.232253192968
    },
    "D2": {
        "s": 233734.9369403536,
        "r": 51405.304927901154
    },
    "D2_icache": {
        "s": 26687.507799803352,
        "r": 50692.30276643035
    },
    "D2_idcache_mpu_ncacheable": {
        "s": 1666.1650416389539,
        "r": 103351.80269655354
    },
    "D2_idcache_mpu_wrth_nalloc": {
        "s": 2301.3704056052875,
        "r": 103091.30591248778
    },
    "D3": {
        "s": 416152.44651719683,
        "r": 50161.442253967354
    },
    "D3_idcache_mpu_ncacheable": {
        "s": 822.1876199446489,
        "r": 29319.384219955497
    },
    "D3_idcache_mpu_ncacheable_release": {
        "s": 501.63959165077273,
        "r": 29320.128502093306
    },
    "D3_idcache_mpu_ncacheable_release_barrier": {
        "s": 194.166046911699,
        "r": 258.0492356831429
    }
}