{
    "D1": {
        "s": [
            1486.570274249926,
            1.7548721648276562,
            17.24149474496164,
            4065.7778256745382
        ],
        "r": [
            2070.272755333509,
            0.9122070304884353,
            21.936315727596977,
            3925.3498818438748
        ]
    },
    "D1_idcache_mpu_ncacheable": {
        "s": [
            1182.4215698185028,
            0.020687474910685566,
            17.173270539610463,
            3208.3130785318494
        ],
        "r": [
            2013.273084485079,
            4.371506849919694,
            19.933482545901697,
            2156.8871523949615
        ]
    },
    "D2": {
        "s": [
            1896.7327360833033,
            2.2233230800377886,
            12.223636355735017,
            3597.260692039512
        ],
        "r": [
            1903.3245551420462,
            4.905945466821722,
            12.783284527198948,
            3780.2402180705635
        ]
    },
    "D2_icache": {
        "s": [
            1275.6711992294672,
            3.4740439767743663,
            11.444140137232534,
            3778.6951597414127
        ],
        "r": [
            1829.644713063877,
            4.8811903335682985,
            12.766132031581837,
            3335.0579092957882
        ]
    },
    "D2_idcache_mpu_ncacheable": {
        "s": [
            1286.9674962558627,
            2.856506043874644,
            8.183183544622075,
            2996.621416844765
        ],
        "r": [
            1982.523732708172,
            4.74438593533417,
            13.5807362528117,
            1931.0064218103284
        ]
    },
    "D2_idcache_mpu_wrth_nalloc": {
        "s": [
            1424.9350240923845,
            2.8146694429279275,
            8.193181065836072,
            3033.733785538116
        ],
        "r": [
            1984.071761781901,
            4.748099685446432,
            13.580310999363176,
            1934.206330062172
        ]
    },
    "D3": {
        "s": [
            1551.9561111555229,
            3.297393984701742,
            12.589302753236716,
            3921.6420627621046
        ],
        "r": [
            1857.959186268497,
            3.794126323333572,
            13.27519207629187,
            3888.438972507124
        ]
    },
    "D3_idcache_mpu_ncacheable": {
        "s": [
            967.5599620145482,
            0.02928850658597959,
            16.10338669403125,
            3227.3001337531578
        ],
        "r": [
            1991.7459179265466,
            4.376743623336409,
            13.843141913830957,
            2017.1596998250684
        ]
    },
    "D3_idcache_mpu_ncacheable_release": {
        "s": [
            582.3477187687537,
            0.02494473856132906,
            16.067219284754287,
            1949.867765191137
        ],
        "r": [
            1395.6370301655943,
            4.3624557676838815,
            13.808694580885033,
            1123.6743832533061
        ]
    },
    "D3_idcache_mpu_ncacheable_release_barrier": {
        "s": [
            1273.8618600742714,
            8.042639291889799,
            8.04263929325564,
            1273.8618600742714
        ],
        "r": [
            1275.422426733899,
            9.053774776275437,
            9.053774777642781,
            1275.422426733899
        ]
    }
}