{
    "D1": {
        "r": 1687.2649881696962,
        "s": 710.5766259779219
    },
    "D1_idcache_mpu_ncacheable": {
        "r": 177.5633793853512,
        "s": 9.584624699358322
    },
    "D2": {
        "r": 367.1807494850072,
        "s": 1669.5352638596657
    },
    "D2_idcache_mpu_ncacheable": {
        "r": 738.2271621182407,
        "s": 11.9011788688496
    },
    "D3": {
        "r": 143.31840643990657,
        "s": 1189.0069900491326
    },
    "D3_idcache_mpu_ncacheable": {
        "r": 186.1548204441617,
        "s": 5.220238856791376
    }
}