{
    "D1": {
        "r": 2919.18744306221,
        "s": 1683.3188626418366
    },
    "D1_idcache_mpu_ncacheable": {
        "r": 479.29900758237255,
        "s": 259.1902975588349
    },
    "D2": {
        "r": 467.0425674850195,
        "s": 3082.5268450008525
    },
    "D2_idcache_mpu_ncacheable": {
        "r": 813.5250011811314,
        "s": 71.24205165650616
    },
    "D3": {
        "r": 183.56564548754423,
        "s": 2578.2467795360917
    },
    "D3_idcache_mpu_ncacheable": {
        "r": 265.52023377369846,
        "s": 58.43643300456577
    }
}