{
    "D1": {
        "r": 5.7333408015554195,
        "s": 4.956531663207109
    },
    "D1_idcache_mpu_ncacheable": {
        "r": 0.7048549204928165,
        "s": 1.5665469882671146
    },
    "D2": {
        "r": 3.7411790075452074,
        "s": 8.430915196259878
    },
    "D2_idcache_mpu_ncacheable": {
        "r": 0.8304023150637968,
        "s": 0.9095068615515656
    },
    "D3": {
        "r": 1.9189849808682484,
        "s": 3.2242575491978775
    },
    "D3_idcache_mpu_ncacheable": {
        "r": 0.39899986838015483,
        "s": 1.3047242738491898
    }
}