{
    "D1": {
        "s": [
            1214.848127115575,
            3.351748614009999,
            16.521598902768734,
            4232.561543061776
        ],
        "r": [
            1903.709925136723,
            1.5709775005361664,
            21.26468907529707,
            4078.896105132627
        ]
    },
    "D1_idcache_mpu_ncacheable": {
        "s": [
            1273.4905364393603,
            8.641358369970233e-18,
            16.985015646395624,
            3234.729390626289
        ],
        "r": [
            1945.737371611941,
            4.337341847536358,
            19.73298034460962,
            2263.125959330031
        ]
    },
    "D2": {
        "s": [
            1151.0118949920006,
            3.344245125542372,
            11.389746078316588,
            4044.3558793473426
        ],
        "r": [
            1896.1747521432787,
            4.934956805884433,
            12.642624987080644,
            3802.1684578169907
        ]
    },
    "D2_icache": {
        "s": [
            1269.247191817166,
            2.7299568098079945,
            11.866431363982173,
            3725.9984703567643
        ],
        "r": [
            1851.4586969463903,
            4.930533021476876,
            12.644623836497523,
            3354.289140567591
        ]
    },
    "D2_idcache_mpu_ncacheable": {
        "s": [
            1198.3406351944373,
            2.876939255716298,
            8.072892407215676,
            3072.354102097698
        ],
        "r": [
            1986.0074398851289,
            4.737320398195699,
            13.465361056257514,
            2002.4807224183007
        ]
    },
    "D2_idcache_mpu_wrth_nalloc": {
        "s": [
            1388.9804616630458,
            3.1382230609600086,
            8.193898027495607,
            3078.782736567567
        ],
        "r": [
            1985.2126120381697,
            4.743289060050216,
            13.46631437317674,
            2002.8877807252918
        ]
    },
    "D3": {
        "s": [
            1056.5479574277467,
            5.042058651497918,
            12.14165272429464,
            4154.929278018328
        ],
        "r": [
            1844.448392379872,
            3.736184512749496,
            13.20964966988685,
            3913.090480859544
        ]
    },
    "D3_idcache_mpu_ncacheable": {
        "s": [
            993.6615717214881,
            1.3506258146761162e-16,
            16.20725226746992,
            3201.998402241357
        ],
        "r": [
            1956.311066441511,
            4.210714412225961,
            13.829098457906783,
            2075.706874642969
        ]
    },
    "D3_idcache_mpu_ncacheable_release": {
        "s": [
            501.66604468644994,
            0.2550152751926973,
            15.707911034657512,
            2006.9586574804143
        ],
        "r": [
            1363.4824325551374,
            4.313475464078685,
            13.748320207963285,
            1186.376677766951
        ]
    },
    "D3_idcache_mpu_ncacheable_release_barrier": {
        "s": [
            1250.106739871841,
            8.312526473129545,
            8.312526473126889,
            1250.106739871841
        ],
        "r": [
            1292.8101689133491,
            9.002423220974986,
            9.002423220972066,
            1292.8101689133496
        ]
    }
}