{
    "D1": {
        "r": 1.0631006405355403,
        "s": 0.549947579973837
    },
    "D1_idcache_mpu_ncacheable": {
        "r": 0.10282909221935668,
        "s": 0.0076718626145089
    },
    "D2": {
        "r": 0.36519719106346876,
        "s": 1.696594403479841
    },
    "D2_idcache_mpu_ncacheable": {
        "r": 0.7582997454509114,
        "s": 0.018561561643677556
    },
    "D3": {
        "r": 0.13531921476241363,
        "s": 1.1918598296195253
    },
    "D3_idcache_mpu_ncacheable": {
        "r": 0.1421976539964584,
        "s": 0.0044493569097324645
    }
}