{
    "D1": {
        "r": 1.839302102706003,
        "s": 1.3027970538154927
    },
    "D1_idcache_mpu_ncacheable": {
        "r": 0.2775678297064443,
        "s": 0.20746481122189256
    },
    "D2": {
        "r": 0.46451954246464144,
        "s": 3.1324871699412116
    },
    "D2_idcache_mpu_ncacheable": {
        "r": 0.8356449518106421,
        "s": 0.11111199554402824
    },
    "D3": {
        "r": 0.1733200893155722,
        "s": 2.5844328865114545
    },
    "D3_idcache_mpu_ncacheable": {
        "r": 0.20282232950575876,
        "s": 0.04980702111565734
    }
}