{
    "D1": {
        "r": 5.31448116248227,
        "s": 4.444505251902248
    },
    "D1_idcache_mpu_ncacheable": {
        "r": 0.26829862537143356,
        "s": 1.080205418888774
    },
    "D2": {
        "r": 3.7261238683355606,
        "s": 3.404407668667262
    },
    "D2_idcache_mpu_ncacheable": {
        "r": 0.37192903727261367,
        "s": 0.7189023200745233
    },
    "D3": {
        "r": 1.9027793150296073,
        "s": 1.9309748432447897
    },
    "D3_idcache_mpu_ncacheable": {
        "r": 0.20892603743199964,
        "s": 1.2861825576385724
    }
}